SET SQL_MODE = "NO_AUTO_VALUE_ON_ZERO";
SET AUTOCOMMIT = 0;
START TRANSACTION;
SET time_zone = "+00:00";

/*!40101 SET @OLD_CHARACTER_SET_CLIENT=@@CHARACTER_SET_CLIENT */;
/*!40101 SET @OLD_CHARACTER_SET_RESULTS=@@CHARACTER_SET_RESULTS */;
/*!40101 SET @OLD_COLLATION_CONNECTION=@@COLLATION_CONNECTION */;
/*!40101 SET NAMES utf8mb4 */;


TRUNCATE TABLE `ram_applicationfiletype`;
INSERT INTO `ram_applicationfiletype` (`id`, `applicationId`, `filetypeId`, `type`, `removed`) VALUES
(1, 14, 17, 'native', 0),
(2, 14, 18, 'native', 0),
(3, 14, 19, 'import', 0),
(6, 14, 20, 'import', 0),
(7, 14, 19, 'export', 0),
(8, 14, 20, 'export', 0),
(9, 15, 19, 'import', 0),
(10, 15, 20, 'import', 0),
(11, 15, 19, 'export', 0),
(12, 15, 20, 'export', 0),
(13, 15, 21, 'native', 0),
(14, 14, 21, 'import', 0),
(15, 14, 21, 'export', 0),
(16, 15, 22, 'import', 0),
(17, 15, 22, 'export', 0),
(18, 14, 22, 'import', 0),
(19, 14, 22, 'export', 0),
(20, 16, 20, 'import', 0),
(21, 16, 19, 'import', 0),
(22, 16, 22, 'import', 0),
(23, 16, 20, 'export', 0),
(24, 16, 19, 'export', 0),
(25, 16, 22, 'export', 0),
(26, 16, 25, 'import', 0),
(27, 16, 25, 'export', 0),
(28, 16, 23, 'native', 0),
(29, 16, 24, 'native', 0),
(30, 17, 26, 'native', 0),
(31, 17, 20, 'import', 0),
(32, 17, 19, 'import', 0),
(33, 17, 22, 'import', 0),
(34, 17, 20, 'export', 0),
(35, 17, 19, 'export', 0),
(36, 17, 22, 'export', 0),
(37, 18, 19, 'import', 0),
(38, 18, 20, 'import', 0),
(39, 18, 22, 'import', 0),
(40, 18, 22, 'export', 0),
(41, 18, 19, 'export', 0),
(42, 18, 20, 'export', 0),
(43, 19, 20, 'import', 0),
(44, 19, 19, 'import', 0),
(45, 19, 22, 'import', 0),
(46, 19, 20, 'export', 0),
(47, 19, 22, 'export', 0),
(48, 19, 19, 'export', 0),
(49, 20, 19, 'import', 0),
(50, 20, 20, 'import', 0),
(51, 20, 22, 'import', 0),
(52, 20, 20, 'export', 0),
(53, 20, 19, 'export', 0),
(54, 20, 22, 'export', 0),
(56, 18, 27, 'import', 0),
(57, 16, 27, 'import', 0),
(58, 16, 27, 'export', 0),
(59, 20, 27, 'import', 0),
(60, 19, 27, 'import', 0),
(61, 21, 22, 'import', 0),
(62, 21, 25, 'import', 0),
(63, 21, 27, 'import', 0),
(64, 21, 25, 'export', 0),
(65, 21, 27, 'export', 0),
(66, 21, 31, 'native', 0),
(67, 22, 20, 'import', 0),
(68, 22, 19, 'import', 0),
(69, 22, 22, 'import', 0),
(70, 22, 20, 'export', 0),
(71, 22, 19, 'export', 0),
(72, 22, 22, 'export', 0),
(73, 23, 33, 'import', 0),
(74, 23, 32, 'native', 0),
(75, 22, 33, 'export', 0),
(76, 23, 33, 'export', 0),
(77, 22, 33, 'import', 0),
(78, 24, 33, 'import', 0),
(79, 24, 22, 'import', 0),
(80, 25, 35, 'native', 0),
(81, 25, 25, 'import', 0),
(82, 25, 22, 'import', 0),
(83, 25, 20, 'import', 0),
(84, 25, 19, 'import', 0),
(85, 25, 34, 'import', 0),
(86, 25, 36, 'import', 0),
(87, 25, 20, 'export', 0),
(88, 25, 25, 'export', 0),
(89, 25, 27, 'export', 0),
(90, 25, 19, 'export', 0),
(91, 25, 22, 'export', 0),
(92, 25, 27, 'import', 0),
(93, 26, 36, 'native', 0),
(94, 26, 21, 'import', 0),
(95, 26, 34, 'import', 0),
(96, 26, 22, 'import', 0),
(97, 26, 19, 'import', 0),
(98, 26, 20, 'import', 0),
(99, 26, 21, 'export', 0),
(100, 26, 19, 'export', 0),
(101, 26, 20, 'export', 0),
(102, 26, 22, 'export', 0),
(103, 27, 34, 'native', 0),
(104, 27, 20, 'import', 0),
(105, 27, 19, 'import', 0),
(106, 27, 19, 'export', 0),
(107, 28, 37, 'native', 0),
(108, 28, 19, 'import', 0),
(109, 28, 20, 'import', 0),
(110, 28, 21, 'import', 0),
(111, 28, 33, 'export', 0),
(112, 28, 19, 'export', 0),
(113, 28, 20, 'export', 0),
(114, 23, 22, 'import', 0),
(115, 23, 20, 'import', 0),
(116, 23, 19, 'import', 0);

TRUNCATE TABLE `ram_applications`;
INSERT INTO `ram_applications` (`id`, `uuid`, `name`, `shortName`, `executableFilePath`, `removed`, `order`, `comment`) VALUES
(14, '13b6c954-2738-5d30-a2f1-80f34753fcfe', 'Adobe After Effects', 'Ae', '', 0, 0, NULL),
(15, 'af92e804-db38-5692-9a76-5aa35edb3b39', 'Adobe Photoshop', 'Ps', '', 0, 0, NULL),
(16, '0acd35c3-7955-583d-b998-e9ce4b6e1d27', 'Autodesk Maya', 'Maya', '', 0, 0, NULL),
(17, 'f99216b2-a162-5f13-bcf3-d27d14807815', 'The Foundry Nuke', 'Nuke', '', 0, 0, NULL),
(18, 'ea7ea53e-6df7-52d6-80d1-416db82e7767', 'The Foundry Mari', 'Mary', '', 0, 0, NULL),
(19, 'f7c8f5dc-bfbc-57a5-8e52-8815befda601', 'Adobe Substance Designer', 'SubstanceD', '', 0, 0, NULL),
(20, '2ff0c757-526a-53e1-8704-d11f84960311', 'Adobe Substance Painter', 'SubstanceP', '', 0, 0, NULL),
(21, 'f53cf8ac-f452-5979-96bb-598ceea94256', 'SideFX Houdini', 'Houdini', '', 0, 0, NULL),
(22, 'bcda2933-8dfa-5689-bf2c-d4d07c16ea95', 'Avid Media Composer', 'MediaComp', '', 0, 0, NULL),
(23, '4cc555dd-658a-56f9-917b-d074cad09aa2', 'Adobe Premiere Pro', 'Pr', '', 0, 0, NULL),
(24, '6f00dfc5-3f43-5200-baa5-99ab44cafd70', 'Blackmagicdesign DaVinci Resolve', 'Resolve', '', 0, 0, NULL),
(25, '253f1c60-3eb0-5965-9016-631973483cc9', 'Blender', 'Blen', '/snap/blender/current/blender', 0, 0, NULL),
(26, '6a96f85f-cd7e-5f9e-8cf0-42eb458a5286', 'Krita', 'Krita', '', 0, 0, NULL),
(27, 'c16351f3-f19d-557d-adef-f7a75f5509a3', 'Inkscape', 'Inkscape', '', 0, 0, NULL),
(28, '3322817b-84a2-54c8-8d19-494bba1065af', 'Wonderunit Storyboarder', 'Stboarder', '', 0, 0, NULL);

TRUNCATE TABLE `ram_assetgroups`;
INSERT INTO `ram_assetgroups` (`id`, `uuid`, `name`, `shortName`, `projectId`, `removed`, `order`, `comment`) VALUES
(11, '60af61d1-767a-5bd4-a8c6-066528d020f3', 'Props', 'PROP', 12, 0, 0, NULL),
(12, '0faf70ff-4a7b-52a6-9beb-545c35118945', 'Characters', 'CHAR', 12, 0, 0, NULL),
(13, '688e1cec-5e6c-5a6c-b8d5-0fedca27b99e', 'Backgrounds', 'BG', 12, 0, 0, NULL),
(14, '32193e8e-c999-5410-aa22-405f07444a0e', 'Characters', 'CHAR', 14, 0, 0, NULL),
(15, '5bc98436-a5a6-505d-96b6-99902943c730', 'Props', 'PROP', 14, 0, 0, NULL),
(16, 'f97fece5-9567-5a78-97da-3b3ad25fa887', 'Sets', 'SET', 14, 0, 0, NULL),
(17, '886a8ac8-7aa9-52a0-9a98-86f04d4dad69', 'Characters', 'CHARS', 16, 0, 0, NULL),
(18, '63e8ea3c-b406-55ed-961b-ffc298e3f414', 'Props', 'PROPS', 16, 0, 0, NULL),
(19, '7c84f8c9-78d2-5e08-a451-82d62f58c8e9', 'Sets', 'SETS', 16, 0, 0, NULL),
(20, 'aa414d2c-9aea-5ddf-bcf4-a6fd4fc45376', 'Backgrounds', 'BGS', 16, 1, 0, NULL),
(21, '0f6e361f-80b3-5232-bb82-51ad9d3e1c3e', 'Characters', 'CHARS', 15, 0, 0, ''),
(22, '317f9d77-94b2-5fe0-a038-be934d349918', 'General', 'DOC', 17, 0, 0, ''),
(23, 'f17d470b-dc32-59bb-97c2-e16d3728a366', 'Client doc', 'CLIENT', 17, 0, 0, ''),
(24, 'b050c089-0368-5489-bd67-6fd955821772', 'Server Doc', 'SERVER', 17, 0, 0, ''),
(25, '07c359f7-5d63-5df8-8323-f989a1ac3b71', 'Daemon Doc', 'DAEMON', 17, 1, 0, ''),
(26, 'd229e859-ac25-548d-bcc3-77706833765f', 'API Doc', 'API', 17, 0, 0, ''),
(27, '5233d3e0-4276-56fb-be1e-70226ba05b81', 'Maya Add-on', 'MAYA', 17, 0, 0, ''),
(28, '025c5cc8-e101-5bb1-9d6c-300fa0ea46c6', 'Tree doc', 'TREE', 17, 0, 0, '');

TRUNCATE TABLE `ram_assets`;
INSERT INTO `ram_assets` (`id`, `uuid`, `name`, `shortName`, `tags`, `assetGroupId`, `removed`, `order`, `comment`) VALUES
(27, 'fe749770-ff85-591c-a212-2bb2a5f10173', 'Bâton de marche', 'BATON', 'baton,accessoire,outil', 11, 0, 0, NULL),
(28, '6caebaa3-47fe-55a5-b28e-4badfe54d4ad', 'Tristan', 'TRI', 'main character,male', 14, 0, 0, NULL),
(29, 'a55d6bc1-a1d3-5cab-95c6-bd5880486b13', 'Isolde', 'IS', 'main character,female', 14, 0, 0, NULL),
(30, 'ae3359bb-d629-5b8b-8346-46184246b7ee', 'Excalibur', 'EXC', 'sword,weapon', 15, 0, 0, NULL),
(31, '264bce9a-2da6-5b53-a08c-96aabb1a1d25', 'Tintagel', 'TIN', 'city,castle', 16, 0, 0, NULL),
(33, '7119addc-9df1-5be3-9315-02a8499b6831', 'Boat', 'BOAT', 'vehicle,sea', 15, 1, 0, NULL),
(36, '7afbdcd0-027d-506d-aaa7-21c3377cd2b6', 'Boat', 'BOAT2', 'vehicle', 15, 1, 0, NULL),
(57, '88cde35f-e828-5fda-9e7c-906454662e59', 'Sea', 'SEA', 'sea', 16, 0, 0, NULL),
(87, '2d5a14a7-189b-5bf4-8ce7-d79f98aefec1', 'Boat', 'NEW', '', 15, 0, 0, NULL),
(92, 'e1277e90-3708-565f-ad2f-c8b9015e09c5', 'Tristan', 'TRISTAN', 'main character,male,human', 17, 0, 0, ''),
(97, '9c1ab1de-039c-58d9-b18d-9de1e068d52c', 'Iseult', 'ISEULT', 'main character,female,human', 17, 0, 0, NULL),
(102, '72a080f4-f570-5eaa-af67-7047f2c42dba', 'Morholt', 'MORHOLT', 'secondary character,vilain,giant,male', 17, 0, 0, ''),
(107, '264280ff-8ac5-554f-866e-eb2d133b6f37', 'Excalibur', 'EXC', 'sword,weapon', 18, 0, 0, ''),
(112, '35f887ee-b751-5296-9c69-9fa137639d02', 'Boat', 'BOAT', 'vehicle,sea', 18, 0, 0, ''),
(117, 'd145c910-a9a3-5462-8903-02d62a63be63', 'Tintagel', 'TINTAGEL', 'city,castle', 19, 0, 0, ''),
(122, '97d3a4ed-52e0-5949-a5c9-74aaa55c0a5a', 'The sea', 'SEA', 'sea,water,nature', 19, 0, 0, ''),
(127, '81bf3bc7-0230-5532-8f26-1918bd7cd543', 'The Forest', 'FOREST', 'trees,nature', 19, 1, 0, ''),
(132, '37ae7afc-e6ac-5c36-bf3d-86a2105dfc90', 'TExty asset', 'aeaz', '', 17, 1, 0, ''),
(137, '67b918c8-09cc-5154-b0ef-80270f73f950', 'gfdgfd', 'sdfg', '', 21, 1, 0, ''),
(138, 'c7e34c96-dc24-5773-8519-dde47c924353', 'pp', 'NEW', '', 18, 1, 0, ''),
(139, '9c2f4778-9f38-5886-a117-bb230f9fef11', 'pp', 'NEW', '', 18, 1, 0, ''),
(140, '1c6ea2be-b2ef-5610-8ec5-9a0769a3a19c', 'Check and update all', 'ALL', '', 24, 0, 0, ''),
(141, 'f2196106-075f-53f1-8d87-ffff665036e0', 'JSon in getproject', 'JSON', '', 24, 0, 0, 'update json example in getProject(s) server reference'),
(142, '4c74c506-d3e0-5be5-a76a-472b275ceec1', 'Explain post type /GET', 'POST', '', 24, 0, 0, ''),
(143, '24f7bed8-e178-5e7c-8f90-17250149173a', 'Shortcuts', 'SHORTCUTS', '', 23, 0, 0, 'don\'t forget shortcuts (pipe, del, ctrl+f)'),
(144, '3b0d8f2d-d814-5ba9-b113-444373b2976e', 'Trash', 'TRASH', '', 28, 0, 0, 'Tree: _trash folders'),
(145, 'd80f6dec-d276-5c69-a45e-3ed3eb6b05dd', 'Open method', 'OPEN', '', 26, 0, 0, 'addon api: add open function description'),
(146, '419ef321-bf0f-5660-9b0e-3158391b3751', 'Update methods', 'METHODS', '', 26, 0, 0, 'Check and update all method descriptions'),
(147, 'd05a904b-a1d7-5fc1-ad3b-9158850203d0', 'Publish', 'PUB', '', 26, 0, 0, 'add RamStatus.published / daemon.setStatus add published arg'),
(148, '6ceff0eb-8fb1-5207-9804-00e58be4198f', 'New Asset', 'NEW', '', 23, 0, 0, NULL),
(149, 'c33b664c-f23c-5052-861a-5dcfa45d8b4b', 'Meta', 'META', '', 22, 0, 0, 'add meta to the doc'),
(150, 'f666997b-4025-53ce-b145-611509456008', 'User management', 'USERS', '', 22, 0, 0, ''),
(151, 'd9e55e3c-eb3a-505d-a46f-d22f7a51f325', 'Pipeline', 'PIPE', '', 22, 0, 0, ''),
(152, '92807def-70e8-55b1-ba22-f7923e38078a', 'Planning Time Tracking', 'PLAN', '', 22, 0, 0, ''),
(153, '269712bd-ffe2-5bd7-be9e-4e7ec93146ce', 'Production management', 'PM', '', 22, 0, 0, '');

TRUNCATE TABLE `ram_colorspaces`;
TRUNCATE TABLE `ram_filetypes`;
INSERT INTO `ram_filetypes` (`id`, `uuid`, `name`, `shortName`, `extensions`, `previewable`, `removed`, `order`, `comment`) VALUES
(17, 'b1b3c25b-88d8-5591-9a19-37fcbc4015e2', 'After Effects Project', 'aep', 'aep,aepx', 0, 0, 0, NULL),
(18, '02a9a1c8-0e29-5546-b15a-c7dc0b688ab2', 'After Effects Template', 'aet', 'aet', 0, 0, 0, NULL),
(19, '0883e6ac-0bce-5e49-aa54-c2b2c2660ebb', 'PNG Image', 'png', 'png', 1, 0, 0, NULL),
(20, '661f44fa-ae6e-54d9-9b3e-e0ff7775469b', 'JPEG image', 'jpg', 'jpg,jpeg', 1, 0, 0, NULL),
(21, 'a93c7dbc-39e5-5423-98cd-3ac2052f7b00', 'Photoshop', 'psd', 'psd,psb', 0, 0, 0, NULL),
(22, '225290c3-9631-57c3-b97b-48b4abe53817', 'openEXR Image Data', 'exr', 'exr', 0, 0, 0, NULL),
(23, 'bb46c31e-e535-5276-aaa7-dd301d3191cc', 'Maya Scene (Binary)', 'mb', 'mb', 0, 0, 0, NULL),
(24, 'eaf182c7-31ae-510d-b33a-3c167527fd4a', 'Maya Scene (ASCII)', 'ma', 'ma', 0, 0, 0, NULL),
(25, 'f438d3bb-ca21-530a-909f-839f3a374aa9', 'Albembic Geometry', 'abc', 'abc', 0, 0, 0, NULL),
(26, '8d70cc65-1c5f-5c35-85ac-d609ff6c85f2', 'Nuke Script', 'nk', 'nk,nuke,nkple', 0, 0, 0, NULL),
(27, '8e6b3b2f-b8b5-56df-a5aa-665c6252714d', 'Object Geometry', 'obj', 'obj', 0, 0, 0, NULL),
(31, 'b8ef5d5e-837b-566c-96ea-233524484801', 'Houdini Scene', 'hip', 'hip', 0, 0, 0, NULL),
(32, 'c2773de1-f587-5299-9682-ae7c48115998', 'Premiere Project', 'prproj', 'prproj', 0, 0, 0, NULL),
(33, 'a4b7c8ea-8a5a-5a5b-b9d5-ea84af150327', 'Final Cut XML', 'xml', 'xml', 0, 0, 0, NULL),
(34, '45b45049-2427-5cbe-9313-9795c8768d60', 'SVG Vector Graphics', 'svg', 'svg', 1, 0, 0, NULL),
(35, '5f8daa27-bf07-5c8b-8fb7-74c5c683e98f', 'Blender Scenes', 'blend', 'blend,blend1,blend2,blend3', 0, 0, 0, NULL),
(36, '1853e433-57f7-5e45-a9f8-f36b5d1b51f0', 'Krita Image', 'kra', 'kra', 0, 0, 0, NULL),
(37, 'f2fc7184-50e4-5bd1-815b-f4a1ddb40cd6', 'Storyboarder Project', 'story', 'story', 0, 0, 0, NULL),
(38, 'a7e1d408-5bc2-5634-8a21-fd666f21af1f', 'Open Cut-Out', 'oco', 'oco,json', 0, 0, 0, NULL),
(39, '88e6f76c-872b-5216-a11a-bd8278f23995', 'Open Cell Animation', 'oca', 'oca,json', 0, 0, 0, NULL);

TRUNCATE TABLE `ram_pipefile`;
INSERT INTO `ram_pipefile` (`id`, `uuid`, `shortName`, `projectId`, `filetypeId`, `colorSpaceId`, `removed`, `comment`) VALUES
(1, '6b7e0e77-ce92-5ca9-8059-6cc698789c0f', 'texPipe', 16, 22, NULL, 0, NULL),
(2, 'f58efc71-11b6-57ed-94b9-5e382f25971f', 'animPipe', 16, 25, NULL, 0, NULL),
(3, '34b78865-8a9d-5c10-89a1-be40a39df7bc', 'rigPipe', 16, 24, NULL, 0, NULL),
(4, '067e5491-c9ab-5326-816a-86fdd4cb4c1b', 'geoPipe', 16, 25, NULL, 0, NULL),
(5, '13ab34ac-dd43-50d0-9b72-a6d5bbbc03c3', 'vpShaPipe', 16, 23, NULL, 0, NULL),
(6, '6ac0ec44-e39e-5842-b169-b820507332b0', 'rdrShaPipe', 16, 23, NULL, 0, NULL),
(7, '382da4a6-4ae4-5250-bb0a-775a073b5551', 'rdrPipe', 16, 22, NULL, 0, NULL),
(8, 'f3ebb684-e019-59c1-b2ae-4be9e1d93c5c', 'layPipe', 16, 23, NULL, 0, NULL),
(9, 'cf00cdff-b03d-59b5-90a6-1cb880b1e6fd', 'editPipe', 16, 33, NULL, 0, NULL);

TRUNCATE TABLE `ram_pipefilepipe`;
INSERT INTO `ram_pipefilepipe` (`id`, `pipeId`, `pipeFileId`, `removed`) VALUES
(1, 540, 2, 0),
(2, 534, 3, 0),
(3, 532, 4, 0),
(4, 533, 4, 0),
(5, 533, 5, 0),
(6, 532, 5, 0),
(7, 543, 4, 0),
(9, 542, 6, 0),
(10, 541, 1, 0),
(12, 550, 3, 0),
(13, 546, 4, 0),
(14, 546, 5, 0),
(15, 543, 5, 0),
(16, 548, 8, 0),
(17, 549, 8, 0),
(18, 547, 1, 0),
(19, 551, 7, 0),
(20, 552, 7, 0),
(21, 553, 9, 0),
(22, 554, 4, 0),
(23, 554, 5, 0),
(24, 555, 8, 0),
(25, 557, 2, 0),
(26, 556, 2, 0),
(27, 558, 4, 0),
(28, 559, 8, 0),
(29, 561, 7, 0),
(30, 562, 7, 0),
(31, 563, 7, 0),
(32, 564, 1, 0),
(33, 568, 2, 0),
(34, 560, 4, 0),
(35, 569, 4, 0),
(36, 560, 5, 0),
(37, 569, 5, 0);

TRUNCATE TABLE `ram_pipes`;
INSERT INTO `ram_pipes` (`id`, `uuid`, `outputStepId`, `inputStepId`, `removed`, `comment`) VALUES
(530, '0e63e3f3-eeb5-5b18-9dc2-e1731d0a95a0', 76, 76, 1, ''),
(531, '98cc2d78-b069-5a0b-b37e-ca9a26dfa080', 76, 79, 1, ''),
(532, '06117680-6a5e-5cc0-8cf1-242e69177b8f', 77, 78, 0, NULL),
(533, 'b8a3d1be-50b3-5631-85cb-9df7110cdae4', 76, 89, 1, ''),
(534, 'c1a58fa0-e191-5e29-a5f3-d0525b3ac017', 79, 80, 0, NULL),
(535, 'e44589bb-38d2-5890-8859-aa2738bfe9e5', 78, 81, 1, NULL),
(540, '6e89c850-e27a-5032-9ef0-5a0a95d38d2a', 76, 81, 1, ''),
(541, '1227c6ed-86a9-5e06-be18-2856e7dd53a9', 76, 78, 1, ''),
(542, 'fb651789-2676-5045-9ccd-3423c07fffe0', 82, 81, 0, NULL),
(543, 'dd5d0439-4381-5d8c-a275-6a23fb119b98', 77, 82, 0, NULL),
(544, '56d3c6fc-5639-5500-b2ee-58c8eeee049b', 76, 77, 0, ''),
(545, '09925a20-afc3-548f-961b-1b8632b67be5', 75, 85, 1, NULL),
(546, '4a0343af-0f52-522d-9aa1-a32ccb6c465e', 77, 86, 1, NULL),
(547, 'cd83e3e7-9cab-5185-b264-944834036fae', 85, 81, 0, NULL),
(548, '77a57346-bcbd-569b-9d59-293fc7f8f9a1', 76, 85, 0, ''),
(549, '8294cd66-69ea-5e21-97e5-2cadef0359d5', 76, 80, 1, ''),
(550, 'd19cd366-d8bd-5cb0-af7c-40df6c8d580d', 76, 86, 1, ''),
(551, '0e319742-5176-5ac4-b6ff-53f093853439', 76, 87, 1, ''),
(552, '872db82d-d6e3-52b0-be41-f8db8057a4f7', 76, 88, 1, ''),
(553, '653f7b2a-af90-550b-ab8b-7a5946ff68a8', 88, 87, 0, NULL),
(554, 'cfd1fa99-a42b-5158-8273-1a1b62181bf3', 76, 82, 1, ''),
(555, '3d347292-5de4-5760-b401-2d7bdf413a8e', 89, 86, 0, NULL),
(556, 'e1cd7bd3-afc0-5eb5-8cbf-8a8150875fe6', 76, 90, 1, ''),
(557, 'f3ea70ff-fed4-55dd-80e1-372e984e6812', 90, 81, 0, NULL),
(558, '4f970b4b-848d-5382-b42a-4586b25848e2', 86, 90, 0, NULL),
(559, '601d5aa9-00e0-5b0e-9778-879acac4c7fb', 86, 81, 0, NULL),
(560, 'f793f5d7-6cdc-5621-9448-7afc80c58476', 77, 79, 0, ''),
(561, '4b1e6149-fcd6-5edd-aa80-6999f6e94a18', 83, 87, 0, ''),
(562, '8d093085-c75e-5b01-88ec-380e3d24e1cf', 83, 88, 0, ''),
(563, 'c1d49bd9-ad64-5972-b452-8ff6b950f358', 81, 83, 0, ''),
(564, '7a76fcbf-2cc9-5770-b0d3-9ba9bb2b0592', 78, 82, 0, ''),
(565, '3c91e740-279f-586c-9297-e0ab642477ce', 75, 76, 0, ''),
(566, '7da6d047-0e4d-524a-9e05-c3e3f0ccac05', 75, 77, 0, ''),
(568, '4d76e8ec-ad68-5dfd-9e8c-c3994d702b5a', 80, 81, 0, ''),
(569, 'aff37136-b427-5e27-8853-457afaefbb55', 77, 89, 0, '');

TRUNCATE TABLE `ram_projects`;
INSERT INTO `ram_projects` (`id`, `uuid`, `name`, `shortName`, `framerate`, `width`, `height`, `aspectRatio`, `deadline`, `folderPath`, `removed`, `order`, `comment`) VALUES
(15, 'a1d9a3ca-234e-58e8-85d2-00f5c4d9e6f4', 'Test Project', 'TEST', 24, 2048, 858, 1.78, '2021-11-19', 'auto', 0, 0, 'gfd'),
(16, 'd2275c72-f70c-5773-a0cf-07ac1b78585d', 'Example Project', 'EXPLE', 24, 3996, 2160, 1.78, '2022-05-19', 'auto', 0, 0, ''),
(17, 'b851895e-39ad-5aa0-87eb-fcbac12cee35', 'Ramses Documentation', 'RamsesDoc', 24, 1920, 1080, 1.78, '2021-07-05', 'auto', 0, 0, 'Writing the documentation for Ramses.');

TRUNCATE TABLE `ram_projectuser`;
INSERT INTO `ram_projectuser` (`id`, `projectId`, `userId`, `removed`) VALUES
(1, 16, 15, 0),
(2, 16, 17, 0),
(4, 15, 14, 0),
(5, 16, 16, 0),
(7, 17, 15, 0);

TRUNCATE TABLE `ram_schedule`;
INSERT INTO `ram_schedule` (`id`, `uuid`, `userId`, `stepId`, `date`, `comment`) VALUES
(90, '3688a899-2cb3-5a6b-a6fe-1f985d2d7782', 15, 98, '2021-07-02 00:00:00', NULL),
(91, '54216ccf-f225-5b00-badc-d94c34e5cf53', 15, 98, '2021-07-03 00:00:00', NULL),
(92, '70b72a17-cceb-5cac-84be-96353cf9e880', 15, 98, '2021-07-04 00:00:00', NULL),
(93, '4248e380-e118-5900-8420-70b20ee2f266', 15, 99, '2021-07-02 12:00:00', NULL),
(94, 'cdc5773c-1463-567a-92de-831090255c08', 15, 99, '2021-07-03 12:00:00', NULL),
(95, 'ba2f917a-9b6d-591e-9322-52e97ed847da', 15, 99, '2021-07-04 12:00:00', NULL),
(110, '61b72bc5-ad35-5537-803c-9d5058763d23', 17, 96, '2021-06-27 00:00:00', NULL),
(111, 'c1389fcd-b8d4-5df8-afac-857fa0b84a4c', 17, 96, '2021-06-28 00:00:00', NULL),
(112, '59dbde96-2e95-57e7-ae84-a79fff08ccca', 17, 96, '2021-06-29 00:00:00', NULL),
(113, '6dd28d47-fa2c-58d4-bf1e-1379ca53c1b1', 17, 96, '2021-06-30 00:00:00', NULL),
(114, 'a6e2657f-8fb1-53e3-a535-d59eb9bac683', 17, 96, '2021-07-01 00:00:00', NULL),
(115, '1b7b0e95-2b0b-5b04-b4fe-1d53b9882f1c', 17, 96, '2021-07-02 00:00:00', NULL),
(116, 'f21ab0dc-7d12-59e3-b37f-53e0ca64b9df', 17, 96, '2021-07-03 00:00:00', NULL),
(117, 'd5b8ec1b-a156-5ed1-bf60-133ef0e6e79a', 17, 96, '2021-07-04 00:00:00', NULL),
(118, '572f69fa-3f53-50f3-a907-f9af0dbad3dc', 17, 96, '2021-07-05 00:00:00', NULL),
(119, 'cd3efb03-3a06-5817-92b6-3fad67555199', 17, 96, '2021-06-27 12:00:00', NULL),
(120, '00d91949-c7aa-59cc-9ca9-83ff81d606d9', 17, 96, '2021-06-28 12:00:00', NULL),
(121, 'b5f30096-9a17-5202-9b23-9d8c95d93701', 17, 96, '2021-06-29 12:00:00', NULL),
(122, '18e3ca53-bdd5-5de5-8827-87d99b965b39', 17, 96, '2021-06-30 12:00:00', NULL),
(123, 'ecb91784-c42d-5e2d-8fe3-6c713a66ffc1', 17, 96, '2021-07-01 12:00:00', NULL),
(124, '64f8296b-0182-58b6-802a-0f76811908e7', 17, 96, '2021-07-02 12:00:00', NULL),
(125, '7f37eeea-5c02-524e-8ff7-d5ace399a0c7', 17, 96, '2021-07-03 12:00:00', NULL),
(126, '0e2fb55b-f84f-5822-b365-1398d6d45a2e', 17, 96, '2021-07-04 12:00:00', NULL),
(127, '3ff04ef9-365b-5591-8f0e-34504044a646', 17, 96, '2021-07-05 12:00:00', NULL),
(128, '162bf635-8aea-5f99-a9b9-ce286775ff3d', 16, 75, '2021-06-27 00:00:00', NULL),
(129, 'db0893e9-8bb4-53d6-9560-99d7d0bf7c76', 16, 75, '2021-06-28 00:00:00', NULL),
(130, 'fe441033-057a-5028-b426-c7bc20aa03ab', 16, 75, '2021-06-29 00:00:00', NULL),
(131, 'b35afbac-3b2f-5389-a2f6-ef85130fdbb2', 16, 75, '2021-06-30 00:00:00', NULL),
(132, '51922f6e-8851-5021-9309-f7b00bd82185', 16, 75, '2021-06-27 12:00:00', NULL),
(133, '78be4531-b378-584a-97d3-5268e06cf883', 16, 75, '2021-06-28 12:00:00', NULL),
(134, '91a85499-2fb0-58ba-9393-d4592eeeb3e4', 16, 75, '2021-06-29 12:00:00', NULL),
(135, '41129bad-ffab-529a-a0dd-2155913e0742', 16, 75, '2021-06-30 12:00:00', NULL),
(136, '3ca51dfd-fd1f-528b-a141-4176e0666de1', 16, 75, '2021-07-01 00:00:00', NULL),
(137, 'c0b2288a-741f-5c3d-b001-78b5f2190538', 16, 75, '2021-07-02 00:00:00', NULL),
(138, 'dfa6c532-6717-55a2-b766-2311ba331e7f', 16, 75, '2021-07-03 00:00:00', NULL),
(139, '5adf304d-49ac-54ef-9a0d-eedbab284840', 16, 75, '2021-07-01 12:00:00', NULL),
(140, '4f5340e6-93b5-5cc9-8302-59c7abcba98c', 16, 75, '2021-07-02 12:00:00', NULL),
(141, '869abda6-2a53-5e80-bc4d-b1e2c2366a97', 16, 75, '2021-07-03 12:00:00', NULL),
(142, '56315029-9ed1-5553-92da-764aaf8e0b92', 16, 76, '2021-07-04 00:00:00', NULL),
(143, '1d656f74-e3d3-5136-a24a-dc3864991ff3', 16, 76, '2021-07-05 00:00:00', NULL),
(144, '08671d31-9f46-5916-bcdd-450cc1eb7a54', 16, 76, '2021-07-06 00:00:00', NULL),
(145, 'b27395a2-947f-5344-b1e7-a3719e50c784', 16, 76, '2021-07-07 00:00:00', NULL),
(146, '27a5b3f0-b075-523b-b3b2-db26fc5e96a4', 16, 76, '2021-07-08 00:00:00', NULL),
(147, '0605971b-0779-57f0-8fa8-4ff122f76160', 16, 76, '2021-07-09 00:00:00', NULL),
(148, 'eb4cd983-5f4b-5e7e-be69-6b1192289a38', 16, 76, '2021-07-10 00:00:00', NULL),
(149, 'ac3cfae1-af75-5897-914a-e989b16937c4', 16, 76, '2021-07-04 12:00:00', 'You can start on monday!'),
(150, '806462dd-9808-5315-973b-b70c4bffb5b6', 16, 76, '2021-07-05 12:00:00', 'OK!'),
(151, '64211e96-12a3-53c0-aa84-be1c77ab776b', 16, 76, '2021-07-06 12:00:00', NULL),
(152, '49f19174-ea28-5b9c-b66e-620fb59c6eaf', 16, 76, '2021-07-07 12:00:00', NULL),
(153, '072ba874-f50c-5c5a-8243-54ea7d126645', 16, 76, '2021-07-08 12:00:00', NULL),
(154, 'f1e7d1a2-855c-5c6a-af32-3ece4a214ba1', 16, 76, '2021-07-09 12:00:00', NULL),
(155, '3225d1c2-ed7f-5dac-9236-1a6dadd4058a', 16, 76, '2021-07-10 12:00:00', NULL),
(156, '743553ed-75f4-582e-a563-e31bb44c7f7c', 17, 85, '2021-07-06 00:00:00', NULL),
(157, 'cbe32228-7262-585b-b20a-1cd20cc5b1cd', 17, 85, '2021-07-07 00:00:00', NULL),
(158, '8645b324-1536-50b4-b6b5-dba0ed5d41c5', 17, 85, '2021-07-08 00:00:00', NULL),
(159, 'f1efaf32-7d35-5f2e-8797-2fad981e37bc', 17, 85, '2021-07-09 00:00:00', NULL),
(160, 'a0814aeb-ca79-567f-9c7c-ab64d2fce9e2', 17, 85, '2021-07-10 00:00:00', NULL),
(161, '75bd4098-0c57-5914-aa86-6c93119be6ff', 17, 85, '2021-07-11 00:00:00', NULL),
(162, 'aa6669b0-8ac2-501f-b8ab-1b99820477ed', 17, 85, '2021-07-06 12:00:00', NULL),
(163, '074f6876-1ec3-5219-8a64-dff56f3d722f', 17, 85, '2021-07-07 12:00:00', NULL),
(164, 'c61145bf-115c-521a-80dd-413eb6e831eb', 17, 85, '2021-07-08 12:00:00', NULL),
(165, 'bcfcdf7d-bbf1-5124-b235-51b4639cc0e3', 17, 85, '2021-07-09 12:00:00', NULL),
(166, 'c443cae8-5a98-53e5-ba5a-bd06f2d35f03', 17, 85, '2021-07-10 12:00:00', NULL),
(167, 'b2b1b7f9-f81e-5a12-9e20-790afbef774f', 17, 85, '2021-07-11 12:00:00', NULL),
(168, '525f4a71-6cda-565b-bb8e-a889c99d9c11', 15, 78, '2021-06-27 00:00:00', NULL),
(169, 'dc6aa444-3939-54ca-a84c-c2a596db88b7', 15, 78, '2021-06-28 00:00:00', NULL),
(170, '29c337d7-e7d8-5d75-9d4d-8b0b9352ae81', 15, 78, '2021-06-29 00:00:00', NULL),
(171, '364f02bb-dfbf-5a72-bbcb-ef3ab7971414', 15, 78, '2021-06-30 00:00:00', NULL),
(172, 'ca4550b3-a5dd-55f9-9ba6-d5260a3ffffb', 15, 78, '2021-06-27 12:00:00', NULL),
(173, '74acd8fb-e122-5efc-9b6a-2354784a34ba', 15, 78, '2021-06-28 12:00:00', NULL),
(174, '696f6ab0-6203-53f5-a68a-aadbf1e26413', 15, 78, '2021-06-29 12:00:00', NULL),
(175, 'c1fea005-ed4b-540d-b8b3-c5161b9f38da', 15, 78, '2021-06-30 12:00:00', NULL),
(176, '48693b3b-ecdf-5f67-b438-dd4609da6186', 15, 77, '2021-07-01 00:00:00', NULL),
(177, '9941d19d-190a-575f-9185-afee606fed31', 15, 77, '2021-07-02 00:00:00', NULL),
(178, '14a58024-b335-5666-a1cf-e70dbecccab6', 15, 77, '2021-07-03 00:00:00', NULL),
(179, 'cdf6bee1-aad1-5ae8-9a89-45010d808ef3', 15, 77, '2021-07-04 00:00:00', NULL),
(180, '77031036-13a8-59a1-8955-f2c0275b19dd', 15, 77, '2021-07-05 00:00:00', NULL),
(181, '9336b041-979c-50f4-97eb-f887453ba55f', 15, 77, '2021-07-06 00:00:00', NULL),
(182, '334c9209-c235-596e-9466-8c0337f60a86', 15, 77, '2021-07-07 00:00:00', NULL),
(183, 'bac3ee15-2a8c-5ef3-8c79-3088422009ed', 15, 77, '2021-07-08 00:00:00', NULL),
(184, '9fcea2b3-c44b-51c9-815f-7da622a6eee5', 15, 77, '2021-07-09 00:00:00', NULL),
(185, '77703a96-cd80-5bea-a82a-ef7954e66ef8', 15, 77, '2021-07-10 00:00:00', NULL),
(186, 'c2f7136c-311a-57ee-9a1d-6f1f9c25b6cc', 15, 77, '2021-07-01 12:00:00', NULL),
(187, '5195653b-704e-5b30-8607-eda73f4babf3', 15, 77, '2021-07-02 12:00:00', NULL),
(188, '57d31dd5-245d-5ff5-bf94-8824ef2d5aa5', 15, 77, '2021-07-03 12:00:00', NULL),
(189, '1470b868-6d28-56fd-b37a-77199fb4642e', 15, 77, '2021-07-04 12:00:00', NULL),
(190, 'cfc9259c-860e-581e-a5ef-82a7c3bbce75', 15, 77, '2021-07-05 12:00:00', NULL),
(191, '45ebec47-3fd3-5c33-9d5d-77d40ab41324', 15, 77, '2021-07-06 12:00:00', NULL),
(192, 'f354ed02-2615-516d-a82f-a42011687b82', 15, 77, '2021-07-07 12:00:00', NULL),
(193, '004fdef1-62f3-5516-9b28-4008207d3815', 15, 77, '2021-07-08 12:00:00', NULL),
(194, '8d2aabc4-508f-5cf8-9951-124857aeb733', 15, 77, '2021-07-09 12:00:00', NULL),
(195, 'fd14512e-da7f-51f4-9200-48e6e774e4ab', 15, 77, '2021-07-10 12:00:00', NULL),
(196, '7a24d2a3-bc3b-5cbf-b7b6-034d14dcb243', 17, 85, '2021-07-12 00:00:00', NULL),
(197, '144d2e16-e855-5f68-b992-be9fbdd1def0', 17, 85, '2021-07-13 00:00:00', NULL),
(198, 'a4202729-e011-572b-b5da-028eaf617846', 17, 85, '2021-07-12 12:00:00', NULL),
(199, '2cbe2b7c-c5ef-5106-a3a0-1f35d28af058', 17, 85, '2021-07-13 12:00:00', NULL),
(200, 'fdfcb640-0df4-5624-b1b0-5184f75c63ea', 16, 76, '2021-07-11 00:00:00', NULL),
(201, '7d3cc06c-213c-5f90-9fde-9e7ea383cd35', 16, 76, '2021-07-12 00:00:00', NULL),
(202, '9d34a1b5-0e06-5e23-b3b3-62c08473bb9b', 16, 76, '2021-07-13 00:00:00', NULL),
(203, '8d5def28-9c1d-59c4-8bfc-0260237f69e1', 16, 76, '2021-07-11 12:00:00', NULL),
(204, '2bb58922-c4e3-5638-b7fc-2fded4afc6f3', 16, 76, '2021-07-12 12:00:00', NULL),
(205, '158a5ac3-4abc-5b41-baab-c3794104089e', 16, 76, '2021-07-13 12:00:00', NULL),
(206, '943680ba-f759-5c50-a4cd-311a7ec94985', 15, 77, '2021-07-11 00:00:00', NULL),
(207, 'f13082e0-5bf9-515e-83e6-8cdc7042f2af', 15, 77, '2021-07-12 00:00:00', NULL),
(208, 'b8e76f8f-de1b-5a6f-b29c-1f5c9e491f5f', 15, 77, '2021-07-13 00:00:00', NULL),
(209, '5c768580-e3a0-5a3f-a219-276ee2f1854b', 15, 77, '2021-07-11 12:00:00', NULL),
(210, '11e33064-f475-5a41-9bd3-e4eddce1294c', 15, 77, '2021-07-12 12:00:00', NULL),
(211, 'c4d6e53d-0aca-5d6a-ac55-307a7bc406f9', 15, 77, '2021-07-13 12:00:00', NULL);

TRUNCATE TABLE `ram_sequences`;
INSERT INTO `ram_sequences` (`id`, `uuid`, `name`, `shortName`, `projectId`, `removed`, `order`, `comment`) VALUES
(12, 'e4a0c904-dc79-545a-810e-e3c60b84aeb1', '01 - In Tintagel', 'SEQ01', 16, 0, 0, NULL),
(13, 'ebc976e3-7f1c-562f-b4bf-bf455f973e23', '02 - At sea', 'SEQ02', 16, 0, 1, ''),
(14, 'f2322730-f255-5c24-9987-0819216d0e70', '03 - The forest', 'SEQ03', 16, 0, 2, '');

TRUNCATE TABLE `ram_shotasset`;
INSERT INTO `ram_shotasset` (`id`, `shotId`, `assetId`) VALUES
(8, 17, 92),
(10, 17, 112),
(11, 17, 117),
(12, 17, 102);

TRUNCATE TABLE `ram_shots`;
INSERT INTO `ram_shots` (`id`, `uuid`, `name`, `shortName`, `sequenceId`, `duration`, `removed`, `order`, `comment`) VALUES
(14, '4cfe8821-1a05-5f32-bbd1-1ad27970915c', 'Shot 001', '001', 12, 0, 0, 0, ''),
(15, 'd066557c-8709-5d19-b147-ac9ffef4d898', 'Shot 002', '002', 12, 0, 0, 1, ''),
(16, '26e0c10e-0448-535e-ae1d-40c2cb447117', 'Shot 003', '003', 12, 0, 0, 2, ''),
(17, '220d7b63-badf-5e0c-8269-7dc248e15dae', 'Shot 004', '004', 13, 7, 0, 3, ''),
(18, '6c5e8292-15ca-5d73-8f36-f35955aaf367', 'Shot 005', '005', 13, 5, 0, 4, ''),
(19, '31cc5d69-da2d-5779-b8f9-2fef9edd77a2', 'Shot 006', '006', 13, 0, 0, 5, ''),
(20, 'b9944f35-70d6-5dfa-bea0-98e24de85283', 'Shot 007', '007', 14, 5, 0, 6, ''),
(21, 'fa2b655e-3ae8-5b98-a8c9-bb29c5e7d163', 'Shot 008', '008', 14, 7, 0, 7, ''),
(22, '9cd3eafc-7f13-5cac-bff4-da15b7153243', 'Shot 009', '009', 14, 0, 0, 8, '');

TRUNCATE TABLE `ram_states`;
INSERT INTO `ram_states` (`id`, `uuid`, `name`, `shortName`, `color`, `completionRatio`, `removed`, `comment`) VALUES
(22, 'f44eeef5-34a6-5a0d-a832-370c85ac50d5', 'Nothing to do', 'NO', '#868686', 0, 0, ''),
(23, 'f03f2e74-7535-59f2-8466-3220e0fe0bfd', 'To do', 'TODO', '#00c8ff', 0, 0, ''),
(24, '47011dda-8eca-515a-9930-d39ad6ded67a', 'Work in progress', 'WIP', '#ffff7f', 50, 0, NULL),
(25, '477f3a25-ff95-56d3-94ad-fae9803e6599', 'Waiting for approval', 'CHK', '#ff8903', 80, 0, NULL),
(26, '46ecedf5-9e62-54da-805a-4849796ac6f9', 'Retake needed', 'RTK', '#ff0000', 75, 0, ''),
(27, 'fb5070cf-19ed-5c6d-b7c4-57a491ec6ec5', 'Could be better', 'CBB', '#bdff43', 90, 0, NULL),
(28, '0376616e-b849-50de-9116-99ac6b7d66e2', 'Finished', 'OK', '#37ac17', 100, 0, NULL),
(29, 'c1900cf7-620f-579d-babb-f858cca10236', 'Stand by', 'STB', '#d9d9d9', 0, 0, '');

TRUNCATE TABLE `ram_status`;
INSERT INTO `ram_status` (`id`, `uuid`, `completionRatio`, `userId`, `stateId`, `comment`, `version`, `timeSpent`, `difficulty`, `estimation`, `published`, `assignedUserId`, `stepId`, `assetId`, `shotId`, `removed`, `date`) VALUES
(36, '122b4aa2-1ddf-51df-9f19-738c6f12b19d', 0, 15, 23, '', 1, 0, 'medium', '-1.00', 0, NULL, 76, 122, NULL, 0, '2021-06-23 15:52:53'),
(37, 'edb38747-9f86-5d9a-be37-3317e826ae47', 100, 15, 28, 'Ready! I\'ve finally finished my work on this one...', 1, 39600, 'medium', '-1.00', 0, 15, 76, 122, NULL, 0, '2021-06-29 18:38:41'),
(38, '72abcf6a-dcf4-5da9-b17e-595de5db0060', 81, 15, 28, '', 1, 43200, 'medium', '-1.00', 0, NULL, 76, 92, NULL, 0, '2021-06-29 18:18:52'),
(39, 'b6f0f660-f466-54cc-ad2b-f0880669e050', 0, 15, 23, '', 1, 0, 'medium', '-1.00', 0, NULL, 77, 127, NULL, 1, '2021-06-23 17:36:47'),
(40, '9fabe524-8284-5feb-bd50-65773bdc0630', 100, 15, 28, '', 1, 0, 'medium', '-1.00', 0, NULL, 76, 112, NULL, 0, '2021-06-23 17:36:50'),
(41, 'da203784-9727-51a8-b86d-1f74b75a7226', 67, 15, 24, '', 1, 7200, 'medium', '-1.00', 0, NULL, 77, 97, NULL, 0, '2021-06-29 20:32:30'),
(42, 'e960aa5c-a63c-548b-95eb-7725eb3e18ef', 81, 15, 24, 'Work in progress...', 1, 43200, 'medium', '-1.00', 0, 15, 77, 122, NULL, 0, '2021-06-29 20:31:04'),
(43, 'd1ab94df-a957-56ea-a044-07a7f7d46e5d', 0, 15, 29, 'Waiting for the model to be finished.', 1, 0, 'medium', '-1.00', 0, NULL, 79, 122, NULL, 0, '2021-06-23 17:58:12'),
(44, '1cfdd25b-9e1b-5ee6-b86c-2d9154bfb2cd', 0, 15, 29, '', 1, 0, 'medium', '-1.00', 0, NULL, 79, 102, NULL, 0, '2021-06-23 17:58:48'),
(45, 'bf15ba4f-679d-5864-95c1-498012a2839d', 50, 15, 24, '', 1, 43200, 'medium', '-1.00', 0, NULL, 76, 117, NULL, 0, '2021-06-29 18:30:29'),
(46, '79e599d7-73be-5068-ae2e-38e2f7d1e3dc', 70, 15, 24, '', 1, 7200, 'hard', '-1.00', 0, 15, 76, 102, NULL, 0, '2021-06-29 20:17:10'),
(47, 'f8e4725f-c4a4-5bba-8527-a7ee06a7bcf3', 64, 15, 24, 'A nice comment', 1, 54000, 'medium', '-1.00', 0, 15, 76, 97, NULL, 0, '2021-06-29 20:39:19'),
(48, 'f8a0bea0-f20d-5ab1-a190-a811924db6da', 75, 15, 26, '', 1, 0, 'medium', '-1.00', 0, NULL, 76, 127, NULL, 1, '2021-06-23 18:09:15'),
(49, '922d4794-7d4b-580e-892c-07a1f839e955', 100, 15, 28, '', 1, 0, 'medium', '-1.00', 0, NULL, 76, 107, NULL, 0, '2021-06-23 18:09:21'),
(50, '8735843e-d5d1-5078-9949-071f722abfaf', 47, 15, 24, '', 1, 18000, 'medium', '-1.00', 0, NULL, 77, 112, NULL, 0, '2021-06-29 20:31:21'),
(51, '8bf19195-92f5-590d-a382-2e01a521eb50', 20, 15, 24, '', 1, 21600, 'medium', '-1.00', 0, NULL, 77, 107, NULL, 0, '2021-06-29 20:31:16'),
(52, '1d8fa837-4155-517c-9243-b48f60b8aab8', 67, 15, 24, 'fdsfdsfdqs wf \nfdsq \nfds\n qfd\nsq\n', 1, 10800, 'easy', '-1.00', 1, 15, 77, 102, NULL, 0, '2021-06-30 09:22:04'),
(53, 'ed166be5-d871-5221-9bbd-e42b7cf3d27c', 85, 15, 24, '', 1, 43200, 'medium', '-1.00', 0, NULL, 77, 117, NULL, 0, '2021-06-29 20:31:11'),
(54, '3bf2608e-a2e7-5c40-b59e-459e87473bf6', 80, 15, 25, '', 1, 14400, 'medium', '-1.00', 0, NULL, 77, 92, NULL, 0, '2021-06-29 18:23:32'),
(55, 'fb4a88ea-4fec-5452-9934-9f369745dce6', 0, 15, 29, '', 1, 0, 'medium', '-1.00', 0, NULL, 79, 112, NULL, 0, '2021-06-23 18:11:57'),
(56, 'd05753c0-8002-5a10-859a-d328ce30fcf2', 0, 15, 29, '', 1, 0, 'medium', '-1.00', 0, NULL, 79, 107, NULL, 0, '2021-06-23 18:12:04'),
(57, '3f1664e8-2699-5f4f-b914-3e377262cdb6', 0, 15, 29, '', 1, 0, 'medium', '-1.00', 0, NULL, 79, 127, NULL, 1, '2021-06-23 18:12:08'),
(58, '8c70912b-8695-5bd3-af6f-76779540f12f', 0, 15, 29, '', 1, 0, 'medium', '-1.00', 0, NULL, 79, 97, NULL, 0, '2021-06-23 18:12:11'),
(59, 'a84a0c4d-04ac-50a7-b3f9-20a54ced6663', 0, 15, 29, '', 1, 0, 'medium', '-1.00', 0, NULL, 79, 117, NULL, 0, '2021-06-23 18:12:45'),
(60, '286d7d56-c98f-5db6-a460-5102c476118c', 50, 15, 24, '', 1, 0, 'medium', '-1.00', 0, NULL, 79, 92, NULL, 0, '2021-06-23 18:12:49'),
(61, '834a87b3-5e3f-565a-b625-f9bfea8e8c57', 0, 15, 22, NULL, 1, 3600, 'medium', '-1.00', 0, NULL, 78, 107, NULL, 0, '2021-06-29 19:24:47'),
(62, '96788db6-ee90-5806-bbfa-a1c642d1179c', 0, 15, 23, '', 1, 0, 'medium', '-1.00', 0, NULL, 78, 122, NULL, 0, '2021-06-26 13:53:45'),
(63, '818bf405-6df3-5d0a-b8fc-0542f81e1e4c', 60, 15, 24, '', 1, 18000, 'medium', '-1.00', 0, NULL, 85, 97, NULL, 0, '2021-06-30 09:32:47'),
(64, 'ca624646-8e46-526f-94c0-977b82060b30', 0, 15, 22, '', 1, 0, 'medium', '-1.00', 0, NULL, 89, 102, NULL, 0, '2021-06-29 15:53:34'),
(65, '38bd84a0-9221-5396-a902-e0ba811d4a27', 0, 15, 23, '', 1, 0, 'medium', '-1.00', 0, NULL, 86, NULL, 14, 0, '2021-06-29 18:39:20'),
(66, '839a1f62-bd4e-53bd-923f-347819565720', 0, 15, 23, '', 1, 0, 'medium', '-1.00', 0, NULL, 86, NULL, 15, 0, '2021-06-29 18:39:25'),
(67, '92e59d49-b48e-5409-af43-36e47833109d', 0, 15, 22, '', 1, 0, 'medium', '0.00', 0, NULL, 80, NULL, 14, 0, '2021-06-29 18:39:29'),
(68, '1c0c84d8-cfc4-5ab8-9f8a-17873079e43d', 75, 15, 24, '', 1, 0, 'medium', '0.00', 0, 17, 80, NULL, 15, 0, '2021-06-29 18:39:33'),
(69, '0a62d881-b06e-5c11-a679-7974684fda28', 0, 15, 23, '', 1, 0, 'medium', '-1.00', 0, NULL, 86, NULL, 16, 0, '2021-06-29 18:39:37'),
(70, '6b6e8515-0f96-5b81-92db-0ad1fd848ac6', 37, 15, 24, '', 1, 0, 'medium', '-1.00', 0, NULL, 86, NULL, 17, 0, '2021-06-29 20:25:56'),
(71, 'c2fc8f03-4d6a-5414-8780-de2bea9e793e', 75, 15, 26, '', 1, 0, 'medium', '-1.00', 0, NULL, 86, NULL, 18, 0, '2021-06-29 18:42:07'),
(72, 'bc7b06dc-f28e-5300-84af-2fd70630c25d', 80, 15, 25, '', 1, 0, 'medium', '-1.00', 0, NULL, 86, NULL, 19, 0, '2021-06-29 18:42:12'),
(73, 'cd6ff346-2dc3-5821-a24c-2aa1ebfdcfe2', 90, 15, 27, '', 1, 0, 'medium', '-1.00', 0, NULL, 86, NULL, 20, 0, '2021-06-29 18:42:16'),
(74, 'f3a19608-4793-5010-8aad-a68f0b5f751c', 100, 15, 28, '', 1, 0, 'medium', '-1.00', 0, NULL, 86, NULL, 21, 0, '2021-06-29 18:42:20'),
(75, 'bb0074b9-cc24-5a31-93ed-8aeff2971732', 33, 15, 24, '', 1, 10800, 'medium', '-1.00', 0, NULL, 85, 112, NULL, 0, '2021-06-30 09:32:51'),
(76, '65101da1-7205-5e27-a611-3b9c8858af5c', 0, 15, 22, '', 1, 0, 'medium', '-1.00', 0, NULL, 81, NULL, 14, 0, '2021-06-29 20:23:19'),
(77, '33fe0a6e-0b1b-5811-ae16-1e5910b51264', 0, 15, 22, '', 1, 0, 'medium', '-1.00', 0, NULL, 89, 107, NULL, 0, '2021-06-30 08:47:10'),
(78, 'a3e6b3c7-73df-5970-8bc2-9f102e18e6a2', 0, 15, 23, '', 1, 0, 'medium', '-1.00', 0, NULL, 89, 97, NULL, 0, '2021-06-30 06:59:02'),
(79, 'e154d2a7-d39d-541c-970a-99f113baac4f', 0, 15, 23, '', 1, 0, 'medium', '-1.00', 0, NULL, 78, 97, NULL, 0, '2021-06-30 06:59:02'),
(80, '36eeecb6-b5b8-5cb3-a179-07cbbc0c2679', 0, 15, 23, '', 1, 0, 'medium', '-1.00', 0, NULL, 78, 102, NULL, 0, '2021-06-30 06:59:02'),
(81, '8f6a7c2e-16f1-52d8-ae17-bb3a5d90209a', 0, 15, 23, '', 1, 0, 'medium', '-1.00', 0, NULL, 89, 112, NULL, 0, '2021-06-30 07:32:33'),
(82, '5daae3e1-d664-50a4-a1ce-9994c984a7b1', 0, 15, 22, '', 1, 0, 'medium', '-1.00', 0, NULL, 85, 107, NULL, 0, '2021-06-30 07:32:33'),
(83, '53f50b90-099a-599f-abaf-9012a919c56f', 0, 15, 23, '', 1, 0, 'medium', '-1.00', 0, NULL, 85, 102, NULL, 0, '2021-06-30 07:32:33'),
(84, '08b3dffd-b159-5476-82ba-156c8e8c09d8', 70, 15, 24, '', 1, 21600, 'medium', '-1.00', 0, NULL, 85, 122, NULL, 0, '2021-07-02 08:02:45'),
(85, '56f392a3-6c15-5a83-a545-e891d82aa3d8', 0, 15, 23, '', 1, 0, 'medium', '-1.00', 0, NULL, 89, 122, NULL, 0, '2021-06-30 07:32:33'),
(86, 'b3bc84c2-0fbe-5edc-ab0e-67442839d345', 0, 15, 23, '', 1, 0, 'medium', '-1.00', 0, NULL, 85, 117, NULL, 0, '2021-06-30 07:32:33'),
(87, '58897d01-c715-5f64-81f3-bfcce8eaec2a', 0, 15, 23, '', 1, 0, 'medium', '-1.00', 0, NULL, 89, 117, NULL, 0, '2021-06-30 07:32:33'),
(88, '1e163a58-0d45-5b87-9845-f2a1fc177a2f', 0, 15, 23, '', 1, 0, 'medium', '-1.00', 0, NULL, 85, 92, NULL, 0, '2021-06-30 07:32:33'),
(89, '6a1e4237-70bd-5484-ad07-48048962a642', 0, 15, 23, '', 1, 0, 'medium', '-1.00', 0, NULL, 89, 92, NULL, 0, '2021-06-30 07:32:33'),
(90, '1fbc7a6d-74fe-5dbe-aabb-92501b2b04ed', 0, 15, 23, '', 1, 0, 'medium', '0.00', 0, NULL, 81, NULL, 15, 0, '2021-07-02 09:06:08'),
(91, 'ec94e653-ce8f-559f-8a2e-51c27857ed27', 75, 15, 24, '', 1, 0, 'medium', '0.00', 0, 17, 80, NULL, 17, 0, '2021-07-02 10:09:04'),
(92, 'b1f51aea-b0cb-50c3-9888-bcb70bebd73f', 75, 15, 24, '', 1, 0, 'medium', '0.00', 0, 17, 80, NULL, 16, 0, '2021-07-02 10:09:04'),
(93, 'e446dd92-5f4d-5a64-9778-cc6f64d6602d', 75, 15, 24, '', 1, 0, 'medium', '0.00', 0, 17, 80, NULL, 18, 0, '2021-07-02 10:09:04'),
(94, '7fbea8c4-50a8-55fc-8125-8186fb6422d0', 0, 15, 22, '', 1, 0, 'medium', '0.00', 0, NULL, 80, NULL, 19, 0, '2021-07-02 10:09:04'),
(95, '25170759-be3a-50d3-9cfe-5a4e18b83597', 0, 15, 23, '', 1, 0, 'medium', '-1.00', 0, NULL, 80, NULL, 20, 0, '2021-07-02 10:09:04'),
(96, 'dd146c8c-bdfe-5f4b-9e3e-09950659dbac', 0, 15, 22, '', 1, 0, 'medium', '0.00', 0, NULL, 80, NULL, 21, 0, '2021-07-02 10:09:04'),
(97, '635473e1-b28a-5e8a-9261-c437e4baf385', 0, 15, 22, '', 1, 0, 'medium', '0.00', 0, NULL, 80, NULL, 22, 0, '2021-07-02 10:09:04'),
(98, '4d21266e-b757-52ad-b0b5-48fcc5fd3443', 0, 15, 22, '', 1, 0, 'medium', '-1.00', 0, NULL, 78, 112, NULL, 0, '2021-07-02 12:19:26'),
(99, 'd143102a-9d53-594e-8b75-eac916f4bdab', 0, 15, 23, '', 1, 0, 'medium', '-1.00', 0, NULL, 81, NULL, 18, 0, '2021-07-02 11:27:50'),
(100, '85bdb4fd-824c-5b2a-b49f-54e1cfd559e9', 94, 15, 24, '', 1, 14400, 'medium', '-1.00', 0, NULL, 81, NULL, 17, 0, '2021-07-02 13:31:17'),
(101, '3732fb9d-4064-5b96-abe1-41042e58d103', 0, 15, 23, '', 1, 0, 'medium', '-1.00', 0, NULL, 81, NULL, 16, 0, '2021-07-02 11:27:50'),
(102, '62c6fe91-e93a-528d-86d4-c6902ecf7774', 21, 15, 23, '', 1, 18000, 'medium', '-1.00', 0, NULL, 81, NULL, 19, 0, '2021-07-02 13:31:37'),
(103, 'd1b73464-8eea-53ce-9d53-02cc2de61d5a', 0, 15, 23, '', 1, 0, 'medium', '-1.00', 0, NULL, 81, NULL, 20, 0, '2021-07-02 11:27:50'),
(104, '398f589a-a523-5b63-a8c2-85e97d34e5d7', 75, 16, 24, '', 1, 0, 'medium', '0.00', 0, 17, 80, NULL, 18, 0, '2021-07-02 13:35:20'),
(105, '0f8507ce-dbcb-50d7-8edb-bbe316ec30b5', 75, 16, 24, '', 1, 0, 'medium', '0.00', 0, 17, 80, NULL, 16, 0, '2021-07-02 13:35:20'),
(106, '517798fd-74b4-511a-92bb-e83bc6f356db', 75, 16, 24, '', 1, 0, 'medium', '-1.00', 0, NULL, 80, NULL, 17, 0, '2021-07-02 15:39:35'),
(107, '44613dbf-0e8d-5697-b2d8-fd0b38bd9b2a', 0, 16, 22, '', 1, 0, 'medium', '0.00', 0, 17, 80, NULL, 19, 0, '2021-07-02 13:35:20'),
(108, 'dea6df67-5980-5db9-9352-613f9987c03e', 0, 16, 23, '', 1, 0, 'medium', '0.00', 0, 17, 80, NULL, 20, 0, '2021-07-02 13:35:20'),
(109, '6e74a20d-642c-530b-984a-8f90c619e1a1', 0, 16, 22, '', 1, 0, 'medium', '0.00', 0, 17, 80, NULL, 21, 0, '2021-07-02 13:35:20'),
(110, 'ef3a9e40-8f0a-59f7-a4a4-472fe92c7c29', 0, 15, 23, '', 1, 0, 'medium', '-1.00', 0, 16, 83, NULL, 18, 0, '2021-07-02 15:42:52'),
(111, 'b88be108-59ea-5e3c-b854-3400be0d13a1', 0, 15, 23, '', 1, 0, 'medium', '-1.00', 0, 16, 83, NULL, 17, 0, '2021-07-02 15:43:01'),
(112, '6c8feb5d-ba4b-55ee-a89d-30c4b0a1b874', 0, 15, 23, '', 1, 0, 'medium', '-1.00', 0, 16, 83, NULL, 19, 0, '2021-07-02 13:43:05'),
(113, '1c16c677-ed82-56c8-ad3f-b8b2782a97c8', 50, 16, 24, '', 1, 0, 'medium', '-1.00', 0, NULL, 83, NULL, 17, 0, '2021-07-02 15:43:27'),
(114, '42fe10e9-3b79-5a1f-8ed7-da66f30aa8d4', 0, 15, 23, '', 1, 0, 'medium', '-1.00', 0, NULL, 98, 141, NULL, 0, '2021-07-02 14:09:15'),
(115, 'aeb14972-551a-574b-b51c-4dd27b579af5', 0, 15, 23, '', 1, 0, 'medium', '-1.00', 0, NULL, 98, 142, NULL, 0, '2021-07-02 14:09:15'),
(116, 'a9bfeef4-070c-51b3-899d-d93b63f5ce7f', 0, 15, 23, '', 1, 0, 'medium', '-1.00', 0, NULL, 98, 140, NULL, 0, '2021-07-02 14:09:15'),
(117, '5b5059b8-5ab0-5e44-9235-c17cf0d63816', 0, 15, 23, '', 1, 0, 'medium', '-1.00', 0, NULL, 98, 143, NULL, 0, '2021-07-02 14:09:15'),
(118, '152ea686-a265-5002-9259-37271e21b527', 0, 15, 23, '', 1, 0, 'medium', '-1.00', 0, NULL, 98, 146, NULL, 0, '2021-07-02 14:09:15'),
(119, '39c0a2c0-8f93-5a14-aa0c-652946ad86ca', 0, 15, 23, '', 1, 0, 'medium', '-1.00', 0, NULL, 98, 144, NULL, 0, '2021-07-02 14:09:15'),
(120, '6c37d955-34e1-59ee-9b7a-71d203cbe8d0', 0, 15, 23, '', 1, 0, 'medium', '-1.00', 0, NULL, 98, 145, NULL, 0, '2021-07-02 14:09:15'),
(121, '8ce91ec7-e085-54a0-b01e-51dd42181514', 0, 15, 23, '', 1, 0, 'medium', '-1.00', 0, NULL, 98, 147, NULL, 0, '2021-07-02 14:09:15'),
(122, 'b06b9006-f469-517a-b8c1-3ce43209b720', 0, 15, 23, '', 1, 0, 'medium', '-1.00', 0, NULL, 98, 148, NULL, 0, '2021-07-02 14:09:15'),
(123, 'cff33a61-3bf1-5258-b29d-1352efea8d38', 0, 15, 23, '', 1, 0, 'medium', '-1.00', 0, NULL, 98, 149, NULL, 0, '2021-07-02 14:09:15'),
(124, '7651bdc2-ad4e-5e4f-88f0-03225014b890', 0, 15, 23, '', 1, 0, 'medium', '-1.00', 0, NULL, 98, 150, NULL, 0, '2021-07-02 14:09:15'),
(125, 'b2fa7ac4-e610-5c77-8aca-6ea1f2d69f04', 0, 15, 23, '', 1, 0, 'medium', '-1.00', 0, NULL, 98, 151, NULL, 0, '2021-07-02 14:09:15'),
(126, '15220009-5365-5352-be0b-3f4a8b8f1118', 0, 15, 23, '', 1, 0, 'medium', '-1.00', 0, NULL, 98, 152, NULL, 0, '2021-07-02 14:09:15'),
(127, '5cb75499-339d-548c-9436-4c24a198c492', 0, 15, 23, '', 1, 0, 'medium', '-1.00', 0, NULL, 98, 153, NULL, 0, '2021-07-02 14:09:15');

TRUNCATE TABLE `ram_stepapplication`;
INSERT INTO `ram_stepapplication` (`id`, `applicationId`, `stepId`, `removed`) VALUES
(59, 28, 75, 0),
(60, 15, 76, 0),
(61, 26, 76, 0),
(62, 16, 77, 0),
(63, 15, 78, 0),
(64, 26, 78, 0),
(65, 19, 78, 0),
(66, 20, 78, 0),
(67, 16, 79, 0),
(68, 16, 80, 0),
(69, 16, 82, 0),
(70, 16, 81, 0),
(71, 21, 90, 0),
(72, 16, 86, 0),
(73, 16, 89, 0),
(74, 26, 85, 0),
(75, 16, 85, 0);

TRUNCATE TABLE `ram_steps`;
INSERT INTO `ram_steps` (`id`, `uuid`, `name`, `shortName`, `autoCreateAssets`, `type`, `color`, `estimationMethod`, `estimationVeryEasy`, `estimationEasy`, `estimationMedium`, `estimationHard`, `estimationVeryHard`, `estimationMultiplyGroupId`, `projectId`, `order`, `removed`, `comment`) VALUES
(75, 'c0fdf9a7-9995-507e-aa6f-1c7f58aec8f6', 'Storyboard', 'STBD', 0, 'pre', '#2b263b', 'shot', '0.20', '0.50', '1.00', '2.00', '3.00', NULL, 16, 0, 0, ''),
(76, 'ed18e685-222a-5675-9634-265db2c5d020', 'Character Design', 'CD', 0, 'asset', '#a8d181', 'second', '0.10', '0.30', '2.00', '3.00', '4.00', 18, 16, 2, 0, ''),
(77, 'b6da1730-d163-531a-99b5-85f6f810fbc6', 'Modelling', 'MOD', 0, 'asset', '#00aaff', 'shot', '0.20', '0.50', '1.00', '2.00', '3.00', NULL, 16, 3, 0, ''),
(78, 'ba59faf9-dc93-5ad8-8545-60a1f7ec91b8', 'Textures', 'TEX', 0, 'asset', '#e3e3e3', 'shot', '0.20', '0.50', '1.00', '2.00', '3.00', NULL, 16, 6, 0, ''),
(79, '2b03c3dc-ba55-53e5-9f2d-32b4b869a683', 'Rigging', 'RIG', 0, 'asset', '#e3e3e3', 'shot', '0.20', '0.50', '1.00', '2.00', '3.00', NULL, 16, 8, 0, ''),
(80, 'd6148857-bbc1-5509-ad21-047c13a2098f', 'Animation', 'ANIM', 0, 'shot', '#e3e3e3', 'shot', '0.20', '0.50', '1.00', '2.00', '3.00', NULL, 16, 10, 0, ''),
(81, '7418e459-1047-5768-afd8-7e3735c45256', 'Lighting', 'LIGHT', 0, 'shot', '#e3e3e3', 'shot', '0.20', '0.50', '1.00', '2.00', '3.00', NULL, 16, 11, 0, ''),
(82, 'af5cb3df-ca77-5f36-8296-3f311129a29a', 'Shading', 'SHADE', 0, 'asset', '#00aaff', 'shot', '0.20', '0.50', '1.00', '2.00', '3.00', NULL, 16, 7, 0, ''),
(83, 'adf12ea1-fa9c-5f16-b552-ebc3b7800e13', 'Compositing', 'COMP', 0, 'shot', '#e3e3e3', 'shot', '0.20', '0.50', '1.00', '2.00', '3.00', NULL, 16, 12, 0, ''),
(84, 'fa9b5b83-9a04-5fd7-b325-e10970c69d91', 'Background Design', 'BG', 0, 'shot', '#434343', 'shot', '0.20', '0.50', '1.00', '2.00', '3.00', NULL, 16, -1, 1, NULL),
(85, 'e6dbf24d-52ae-5640-9abc-47e3a17e81b5', 'Matte Painting', 'MATTE', 0, 'asset', '#e3e3e3', 'shot', '0.20', '0.50', '1.00', '2.00', '3.00', NULL, 16, 4, 0, ''),
(86, '5bee772f-d64a-574f-a2c5-f79f0b4799e0', 'Layout', 'LAY', 0, 'shot', '#e3e3e3', 'second', '0.10', '0.30', '0.50', '1.00', '2.00', 18, 16, 9, 0, ''),
(87, 'a4948886-e6a4-52ab-b5f0-84fd54e85fb3', 'Color Grading', 'CC', 0, 'post', '#e3e3e3', 'shot', '0.20', '0.50', '1.00', '2.00', '3.00', NULL, 16, 15, 0, ''),
(88, '7714652a-9389-5750-924f-6bca7f618f29', 'Editing', 'EDIT', 0, 'post', '#e3e3e3', 'shot', '0.20', '0.50', '1.00', '2.00', '3.00', NULL, 16, 14, 0, ''),
(89, 'e0b87207-c96a-5275-be46-29f72e3e6d93', 'Set Dressing', 'SET', 0, 'asset', '#e3e3e3', 'shot', '0.20', '0.50', '1.00', '2.00', '3.00', NULL, 16, 5, 0, ''),
(90, 'c8f43b20-17e8-56d0-8b58-4d703886b65d', 'Visual Effects', 'VFX', 0, 'shot', '#e3e3e3', 'shot', '0.20', '0.50', '1.00', '2.00', '3.00', NULL, 16, 13, 0, ''),
(91, 'a4564449-c0e5-52b8-a05a-b209010b364e', 'Visual Effects', 'VFX', 0, 'shot', '#434343', 'shot', '0.20', '0.50', '1.00', '2.00', '3.00', NULL, 16, 15, 1, ''),
(92, '2035d8de-8d4c-5806-b81b-32d964a86aa7', 'Character Design', 'CD', 0, 'asset', '#00ff7f', 'shot', '0.20', '0.50', '1.00', '2.00', '3.00', NULL, 16, 15, 1, ''),
(93, 'e72e3e79-70fb-52eb-9e16-8d0a06865f98', 'Character Design', 'CD', 0, 'asset', '#00ff7f', 'second', '1.10', '2.10', '3.10', '4.10', '5.10', NULL, 16, 15, 1, ''),
(94, '9af72088-8e14-5993-94ac-bd71f837e46e', 'Character Design', 'CD', 0, 'asset', '#00ff7f', 'second', '1.10', '2.10', '3.10', '4.10', '5.10', NULL, 16, 15, 1, ''),
(95, '2fbaea58-f85f-5ec3-9812-11cff28743bf', 'New step', 'NEW', 0, 'asset', '#e3e3e3', 'shot', '0.20', '0.50', '1.00', '2.00', '3.00', NULL, 16, 15, 1, ''),
(96, '0f49a12f-4f8e-5704-98a0-588d9459d38c', 'Test Anim', 'TA', 0, 'pre', '#aaaaff', 'shot', '0.20', '0.50', '1.00', '2.00', '3.00', NULL, 16, 1, 0, ''),
(97, '86578bac-a17e-546b-8ac6-afc190baceb0', 'Vacation!', 'VAC', 0, 'pre', '#39ab00', 'shot', '0.20', '0.50', '1.00', '2.00', '3.00', NULL, 16, 16, 1, ''),
(98, '674bdc74-0169-58de-a65a-f3428db858fb', 'Write', 'WRITE', 0, 'asset', '#55aa00', 'shot', '0.20', '0.50', '1.00', '2.00', '3.00', NULL, 17, 0, 0, 'Write the doc'),
(99, '9ee925fc-f3d4-5b4c-92fe-0fe7c8bf16e1', 'Screenshots', 'SCREEN', 0, 'asset', '#000000', 'shot', '0.20', '0.50', '1.00', '2.00', '3.00', NULL, 17, 1, 0, 'Take some screenshots!');

TRUNCATE TABLE `ram_templateassetgroups`;
INSERT INTO `ram_templateassetgroups` (`id`, `uuid`, `name`, `shortName`, `removed`, `order`, `comment`) VALUES
(14, 'efdd4f19-c85e-5bee-820d-a9933a8f7124', 'Characters', 'CHARS', 0, 0, NULL),
(15, '56798e61-f890-5a6f-a793-2eef54f878a7', 'Props', 'PROPS', 0, 0, NULL),
(16, '9d098fbc-fa99-56e5-a2c3-f7c4cc657fa0', 'Backgrounds', 'BGS', 0, 0, NULL),
(17, '411994f4-0f9b-50ca-9bba-4b70f8142088', 'Sets', 'SETS', 0, 0, NULL);

TRUNCATE TABLE `ram_templatesteps`;
INSERT INTO `ram_templatesteps` (`id`, `uuid`, `name`, `shortName`, `autoCreateAssets`, `type`, `color`, `estimationMethod`, `estimationVeryEasy`, `estimationEasy`, `estimationMedium`, `estimationHard`, `estimationVeryHard`, `removed`, `order`, `comment`) VALUES
(28, 'bd292909-4e5d-5a00-86fe-5cecc29adb3d', 'Storyboard', 'STBD', 0, 'pre', '#e3e3e3', 'shot', '0.20', '0.50', '1.00', '2.00', '3.00', 0, 0, ''),
(29, '8693fc90-fd1d-5b24-9054-c21dd436d9f7', 'Modelling', 'MOD', 0, 'asset', '#e3e3e3', 'shot', '0.20', '0.50', '1.00', '2.00', '3.00', 0, 0, ''),
(30, '670fb522-7c81-5651-bcff-975ab7b635f7', 'Character Design', 'CD', 0, 'asset', '#00ff7f', 'second', '1.10', '2.10', '3.10', '4.10', '5.10', 0, 0, ''),
(31, 'e30544df-ca15-58ef-8799-742ca2422144', 'Textures', 'TEX', 0, 'asset', '#e3e3e3', 'shot', '0.20', '0.50', '1.00', '2.00', '3.00', 0, 0, ''),
(32, '37ef238a-ae30-57e3-aced-cec20b8a0462', 'Shading', 'SHADE', 0, 'asset', '#e3e3e3', 'shot', '0.20', '0.50', '1.00', '2.00', '3.00', 0, 0, ''),
(33, '220647f5-64cd-5100-8844-f3d82ba87f57', 'Rigging', 'RIG', 0, 'asset', '#e3e3e3', 'shot', '0.20', '0.50', '1.00', '2.00', '3.00', 0, 0, ''),
(34, '6b97037b-53d9-511e-a022-e3c7f2d3eda3', 'Animation', 'ANIM', 0, 'shot', '#e3e3e3', 'shot', '0.20', '0.50', '1.00', '2.00', '3.00', 0, 0, ''),
(35, '2adf9de8-738d-5d5a-9922-9b416d8cad11', 'Visual Effects', 'VFX', 0, 'shot', '#e3e3e3', 'shot', '0.20', '0.50', '1.00', '2.00', '3.00', 0, 0, ''),
(36, '7b0bc56f-6ce1-5cc8-91fa-b1ed357db583', 'Lighting', 'LIGHT', 0, 'shot', '#e3e3e3', 'shot', '0.20', '0.50', '1.00', '2.00', '3.00', 0, 0, ''),
(37, '26bd700b-6244-5d41-8e79-0dc2e4276573', 'Matte Painting', 'MATTE', 0, 'shot', '#e3e3e3', 'shot', '0.20', '0.50', '1.00', '2.00', '3.00', 0, 0, ''),
(38, 'cdb1d94f-c8fe-56a7-bc66-d700169aa963', 'Background Design', 'BG', 0, 'shot', '#e3e3e3', 'shot', '0.20', '0.50', '1.00', '2.00', '3.00', 0, 0, ''),
(39, '4f667c2c-8a2f-5dd9-aec0-29511de79bf3', 'Layout', 'LAY', 0, 'shot', '#e3e3e3', 'shot', '0.20', '0.50', '1.00', '2.00', '3.00', 0, 0, ''),
(40, 'dc5d8e2f-0042-5185-b564-171bae1813dc', 'Set Dressing', 'SET', 0, 'asset', '#e3e3e3', 'shot', '0.20', '0.50', '1.00', '2.00', '3.00', 0, 0, ''),
(41, 'ad88c1f6-798d-5b20-9040-df30249689a2', 'Compositing', 'COMP', 0, 'asset', '#e3e3e3', 'shot', '0.20', '0.50', '1.00', '2.00', '3.00', 0, 0, ''),
(42, 'd5482577-30d7-5344-94c0-145e602c1a2d', 'Editing', 'EDIT', 0, 'post', '#e3e3e3', 'shot', '0.20', '0.50', '1.00', '2.00', '3.00', 0, 0, ''),
(43, 'f7f1d1c0-5d39-5c63-ad30-ce731b810dea', 'Color Grading', 'CC', 0, 'post', '#e3e3e3', 'shot', '0.20', '0.50', '1.00', '2.00', '3.00', 0, 0, ''),
(44, '08a29552-8c1e-5306-b109-ddead95fc3a8', 'New Template Step', 'NEW', 0, 'asset', '#e3e3e3', 'shot', '0.20', '0.50', '1.00', '2.00', '3.00', 1, 0, NULL),
(45, '5fa82e5a-9bfc-56a3-a8ac-ef20af63727a', 'New Template Step', 'NEW', 0, 'asset', '#e3e3e3', 'shot', '0.20', '0.50', '1.00', '2.00', '3.00', 1, 0, NULL),
(46, '8531c637-9e16-5ffa-8061-acf9291a14bb', 'New Template Step', 'NEW', 0, 'asset', '#e3e3e3', 'shot', '0.20', '0.50', '1.00', '2.00', '3.00', 1, 0, NULL),
(47, 'aa899350-51c4-504d-96d9-010f23804e39', 'New Template Step', 'NEW', 0, 'asset', '#e3e3e3', 'shot', '0.20', '0.50', '1.00', '2.00', '3.00', 1, 0, NULL);

TRUNCATE TABLE `ram_users`;
INSERT INTO `ram_users` (`id`, `uuid`, `name`, `shortName`, `password`, `folderPath`, `role`, `removed`, `order`, `comment`) VALUES
(14, 'bVda5hjqDNLFJia9DCmwwH2p', 'Ana Arce', 'Ana', '09b4b3eeff6cc464628dd7a486068aa621bddca545307a6069b67bd75b23cf929d435860ebabe3ebe1d36ef1dc0d3a0dda5e3b097b6e7641ea09a7afba3cc074', 'auto', 'project', 0, 0, NULL),
(15, 'dda68ab7-2364-5be8-9569-47c50e24bc14', 'Nico Duduf', 'Duduf', '838f648f84f453f56aa05c98a3effeaa333ed3c5a6f78c84865a6dd50ea73be6a78c5d77a64c11b9820bed0fa9334cb6605e3a39619e566fa092c5ac107e940a', 'auto', 'admin', 0, 0, 'The guy who developed Ramses, the Rx Asset Management System'),
(16, 'a9df40db-3311-5fc5-a2a5-b4752a61fb98', 'John Doe', 'John', '118662969f5fc0c398fd1817b27e5fe2a7100513d1ca33276816e1a466d4263915664a6b9ef3d2ac739751f883ca3b4dbcb9cba9b742fa76c1759abce58875b7', 'auto', 'standard', 0, 0, NULL),
(17, '1bd9e736-bb66-5a33-97cb-caae74b68b86', 'Jane Doe', 'Jane', '8fe1375ca5bd500edd4bd6a522d23dec977f7e19cd4715d9484f85fdb6fcbb988286173f1eb4964d00c67b629fc92a48e2bf2244805555b8235b3ae91d7fa562', 'auto', 'lead', 0, 0, NULL),
(18, '2501ebfa-ff80-5561-9ab6-c6856740fb18', 'Tester', 'test', '90c701eadef189be16c421d61a9e3a37561222c426f95bd2888a36008871108c3dacffe3b11374581ac3589bc1ac7f5aaf1f83100157341249cfd039f29211ef', 'auto', 'project', 0, 0, ''),
(19, '17e0d398-ef34-5a76-adb4-fe629182dfc0', 'Ramses Daemon', 'Ramses', 'd1e638c2a39e9f7bb51213211ef2e2ec1a424fdd3f5380c07f543c70ba183b70ce8610ae4852cbafd8f0878bd77fce800044585562917131f60c70a994072b99', 'auto', 'standard', 0, 0, NULL),
(20, '5a37aa7f-5b58-5694-a492-76e31fdfaece', 'J. Doe', 'NEW', 'e8c87de21cdc15bd25213bf5408fcabe5cf4d935e5a6078588b2fa52c183bd2f9197122456e787a2d508a55aadf97a6efc8a38e2482127ac345277dc1d1fdee8', 'auto', 'standard', 1, 0, '');


COMMIT;

/*!40101 SET CHARACTER_SET_CLIENT=@OLD_CHARACTER_SET_CLIENT */;
/*!40101 SET CHARACTER_SET_RESULTS=@OLD_CHARACTER_SET_RESULTS */;
/*!40101 SET COLLATION_CONNECTION=@OLD_COLLATION_CONNECTION */;
